"DownstreamTerm","UpstreamTerm","pValue"
"morphogenesis","morphogenesis",0.000189969159518396
"morphogenesis","auxin",1.35469514892052e-18
"morphogenesis","spliceosome",2.20018372208403e-05
"morphogenesis","abscisic acid",0.129345241612722
"morphogenesis","cold",1.04073926722186e-07
"morphogenesis","heat",5.31069569211832e-29
"morphogenesis","nitrogen",5.62294000713166e-10
"morphogenesis","chlorophyll",3.62803697827588e-29
"morphogenesis","chromatin",0.0276181045272971
"morphogenesis","kinase",6.04086677049224e-05
"morphogenesis","cytoskeleton",2.40157611506222e-12
"morphogenesis","ribosome",2.15536065263734e-20
"morphogenesis","endocytosis",3.93892953644532e-37
"morphogenesis","ethylene",2.47448389558657e-28
"morphogenesis","metal ion",0.363098103123901
"morphogenesis","senescence",0.0025291386242338
"morphogenesis","ubiquitin",0.0105551666253377
"morphogenesis","vesicle",1.03059523952501e-40
"morphogenesis","water",3.71784455365274e-10
"morphogenesis","trichome",8.03960161514579e-05
"anthocyanin","morphogenesis",0.338725630488536
"anthocyanin","auxin",0.339202700773427
"anthocyanin","spliceosome",0.312013759039429
"anthocyanin","abscisic acid",0.684660986161086
"anthocyanin","cold",0.29378869817435
"anthocyanin","heat",0.122734761735874
"anthocyanin","nitrogen",0.127263087438372
"anthocyanin","chlorophyll",0.0305282702127646
"anthocyanin","chromatin",0.441085057443479
"anthocyanin","kinase",0.486057762817208
"anthocyanin","cytoskeleton",1
"anthocyanin","ribosome",0.0715452444018354
"anthocyanin","endocytosis",0.0154488649754737
"anthocyanin","ethylene",0.143686609500135
"anthocyanin","metal ion",1
"anthocyanin","senescence",1
"anthocyanin","ubiquitin",0.35415323318524
"anthocyanin","vesicle",0.0584246628075861
"anthocyanin","water",0.25436203922816
"anthocyanin","trichome",1
"auxin","morphogenesis",0.0011510945837862
"auxin","auxin",1.46271629785144e-12
"auxin","spliceosome",0.00805648284061522
"auxin","abscisic acid",0.406023050572663
"auxin","cold",0.000257538198886199
"auxin","heat",5.12951789557189e-15
"auxin","nitrogen",3.7586517246882e-09
"auxin","chlorophyll",1.74282736287007e-15
"auxin","chromatin",0.0897532936248936
"auxin","kinase",0.00462962151330475
"auxin","cytoskeleton",7.09047619253919e-05
"auxin","ribosome",2.09300132244718e-10
"auxin","endocytosis",1.89527416189773e-22
"auxin","ethylene",1.56573847821499e-18
"auxin","metal ion",0.262859982855501
"auxin","senescence",0.000266220107509872
"auxin","ubiquitin",0.0239622761881411
"auxin","vesicle",1.13011797654247e-16
"auxin","water",1.56666431383904e-06
"auxin","trichome",0.000104117933510259
"brassinosteroid","morphogenesis",0.363098103123901
"brassinosteroid","auxin",0.000193392117155564
"brassinosteroid","spliceosome",0.0997785202273021
"brassinosteroid","abscisic acid",0.673615902652023
"brassinosteroid","cold",0.171788651864404
"brassinosteroid","heat",0.00708072751175026
"brassinosteroid","nitrogen",9.87360913891479e-05
"brassinosteroid","chlorophyll",9.11333209773332e-05
"brassinosteroid","chromatin",0.328542080080166
"brassinosteroid","kinase",0.0409881034307649
"brassinosteroid","cytoskeleton",0.05500238776263
"brassinosteroid","ribosome",0.00264424221371474
"brassinosteroid","endocytosis",5.37428549477901e-06
"brassinosteroid","ethylene",7.37738192496461e-07
"brassinosteroid","metal ion",0.0332839200461265
"brassinosteroid","senescence",0.116100191451889
"brassinosteroid","ubiquitin",0.119484451740149
"brassinosteroid","vesicle",2.28407662000291e-06
"brassinosteroid","water",0.0324995218549813
"brassinosteroid","trichome",0.555278811389296
"calcium","morphogenesis",0.00516074743370504
"calcium","auxin",6.77040316274246e-08
"calcium","spliceosome",0.253778349713279
"calcium","abscisic acid",0.514948013123285
"calcium","cold",5.53969812467692e-05
"calcium","heat",3.34991263325129e-06
"calcium","nitrogen",3.29895957143066e-06
"calcium","chlorophyll",2.08256672209168e-13
"calcium","chromatin",0.71095468022871
"calcium","kinase",0.0021418737273338
"calcium","cytoskeleton",0.00197154996040617
"calcium","ribosome",2.69778715272107e-08
"calcium","endocytosis",2.41927354671223e-14
"calcium","ethylene",6.5368367536974e-11
"calcium","metal ion",0.26692958935652
"calcium","senescence",0.0477886247280634
"calcium","ubiquitin",0.109740045373166
"calcium","vesicle",1.84772431807413e-14
"calcium","water",0.0142027783296878
"calcium","trichome",0.321858244459231
"carbohydrate","morphogenesis",0.0146577572627751
"carbohydrate","auxin",8.05134073666809e-11
"carbohydrate","spliceosome",0.311986795197912
"carbohydrate","abscisic acid",0.152864965423837
"carbohydrate","cold",6.67221818801804e-05
"carbohydrate","heat",2.23815708936719e-11
"carbohydrate","nitrogen",9.43303876086496e-06
"carbohydrate","chlorophyll",2.00991959233703e-12
"carbohydrate","chromatin",0.730656812244108
"carbohydrate","kinase",0.000426195937750463
"carbohydrate","cytoskeleton",3.27589769229222e-06
"carbohydrate","ribosome",3.27850595609033e-08
"carbohydrate","endocytosis",1.88641912649009e-16
"carbohydrate","ethylene",5.62969106197737e-16
"carbohydrate","metal ion",0.0799899937880432
"carbohydrate","senescence",0.00389784264164902
"carbohydrate","ubiquitin",0.0661424367007482
"carbohydrate","vesicle",5.71343713022305e-17
"carbohydrate","water",7.36250053111604e-06
"carbohydrate","trichome",0.0602080121135251
"spliceosome","morphogenesis",0.0865068622053914
"spliceosome","auxin",3.58795019057302e-06
"spliceosome","spliceosome",0.249490411891699
"spliceosome","abscisic acid",0.308252954330211
"spliceosome","cold",0.00542713416438209
"spliceosome","heat",4.40484711968366e-06
"spliceosome","nitrogen",0.00321451570008683
"spliceosome","chlorophyll",4.83484933414459e-08
"spliceosome","chromatin",0.599873402195918
"spliceosome","kinase",0.0380767728106638
"spliceosome","cytoskeleton",0.00245986150941119
"spliceosome","ribosome",1.61441782191433e-05
"spliceosome","endocytosis",2.93932637282943e-08
"spliceosome","ethylene",4.97203847779295e-06
"spliceosome","metal ion",0.912048113398312
"spliceosome","senescence",0.012636665396611
"spliceosome","ubiquitin",0.446926686743543
"spliceosome","vesicle",1.99780122281534e-08
"spliceosome","water",0.00434886799734426
"spliceosome","trichome",0.309001655316721
"cell growth","morphogenesis",9.15748688383629e-05
"cell growth","auxin",4.44263727999783e-12
"cell growth","spliceosome",0.0490572433176493
"cell growth","abscisic acid",0.159127397194829
"cell growth","cold",0.00021307622415569
"cell growth","heat",6.53997113336499e-13
"cell growth","nitrogen",3.00150562754412e-08
"cell growth","chlorophyll",1.81193314930245e-15
"cell growth","chromatin",0.415567009243252
"cell growth","kinase",0.000463244777956279
"cell growth","cytoskeleton",4.03319162210577e-05
"cell growth","ribosome",1.89785516523378e-09
"cell growth","endocytosis",2.97072043438487e-17
"cell growth","ethylene",1.04171028945943e-13
"cell growth","metal ion",0.195101255938987
"cell growth","senescence",6.67349603442339e-05
"cell growth","ubiquitin",0.0294840092813871
"cell growth","vesicle",3.47893243945907e-20
"cell growth","water",4.4006706260885e-06
"cell growth","trichome",0.00132320688137733
"cell death","morphogenesis",0.125100829427864
"cell death","auxin",4.3885428994925e-07
"cell death","spliceosome",0.0219036744293458
"cell death","abscisic acid",0.469798398558771
"cell death","cold",0.00254040486966848
"cell death","heat",1.69035047741465e-08
"cell death","nitrogen",0.000456211561707868
"cell death","chlorophyll",4.83484933414459e-08
"cell death","chromatin",0.159119274306234
"cell death","kinase",0.0380767728106638
"cell death","cytoskeleton",0.153080248153807
"cell death","ribosome",6.29594159355136e-05
"cell death","endocytosis",0.000362879496518057
"cell death","ethylene",1.3925269853908e-06
"cell death","metal ion",0.227757434206271
"cell death","senescence",0.00201091907517183
"cell death","ubiquitin",0.0643605070736976
"cell death","vesicle",7.29758211393993e-05
"cell death","water",0.0014568700531975
"cell death","trichome",0.309001655316721
"abscisic acid","morphogenesis",4.09072290391732e-06
"abscisic acid","auxin",5.66024552654766e-25
"abscisic acid","spliceosome",0.0940625580560597
"abscisic acid","abscisic acid",0.205284857892276
"abscisic acid","cold",5.49186569515499e-08
"abscisic acid","heat",6.79954197442856e-28
"abscisic acid","nitrogen",4.74464715930629e-10
"abscisic acid","chlorophyll",3.9795100806606e-34
"abscisic acid","chromatin",0.78812172213195
"abscisic acid","kinase",6.0410485397468e-06
"abscisic acid","cytoskeleton",2.83151675184569e-07
"abscisic acid","ribosome",4.17141394372238e-25
"abscisic acid","endocytosis",1.00352573647265e-43
"abscisic acid","ethylene",3.94196422473758e-31
"abscisic acid","metal ion",0.285481341980361
"abscisic acid","senescence",5.38556461522979e-09
"abscisic acid","ubiquitin",0.000983401683495972
"abscisic acid","vesicle",5.16423493246725e-38
"abscisic acid","water",2.540149676839e-11
"abscisic acid","trichome",0.0298812924782659
"cold","morphogenesis",0.00640415932860967
"cold","auxin",4.29238086920498e-12
"cold","spliceosome",0.0397783842983965
"cold","abscisic acid",0.0846554922481259
"cold","cold",0.000120143907596183
"cold","heat",2.67500429377329e-08
"cold","nitrogen",1.8667843717251e-06
"cold","chlorophyll",2.67231029487073e-19
"cold","chromatin",0.261846531443957
"cold","kinase",0.0016554936254488
"cold","cytoskeleton",0.00182425572804261
"cold","ribosome",1.28905036368851e-09
"cold","endocytosis",2.14944643134056e-15
"cold","ethylene",1.12227437468525e-14
"cold","metal ion",0.553663268657794
"cold","senescence",7.60879704521273e-05
"cold","ubiquitin",0.0596233698287232
"cold","vesicle",3.88359834248122e-14
"cold","water",3.0422343997799e-05
"cold","trichome",0.0471630282453212
"heat","morphogenesis",0.0088601614495603
"heat","auxin",4.60282911663877e-07
"heat","spliceosome",0.0991928208508683
"heat","abscisic acid",0.0854365581767122
"heat","cold",0.003100522543853
"heat","heat",5.53553101966061e-07
"heat","nitrogen",1.52671526706232e-06
"heat","chlorophyll",6.41905084059002e-12
"heat","chromatin",0.145863992390833
"heat","kinase",0.00232461860814088
"heat","cytoskeleton",0.000835384736478239
"heat","ribosome",9.19453393420176e-07
"heat","endocytosis",1.44036459386838e-11
"heat","ethylene",3.60223838001004e-08
"heat","metal ion",0.35484495116455
"heat","senescence",0.00110772280912176
"heat","ubiquitin",0.149152550494219
"heat","vesicle",1.81872427751369e-11
"heat","water",0.000533164640445001
"heat","trichome",0.109927868401635
"jasmonic acid","morphogenesis",0.00455837045969554
"jasmonic acid","auxin",1.2547623149561e-12
"jasmonic acid","spliceosome",0.0154490209255567
"jasmonic acid","abscisic acid",0.0532640518099632
"jasmonic acid","cold",1.24754030054295e-05
"jasmonic acid","heat",3.1598813356368e-19
"jasmonic acid","nitrogen",1.62827034257027e-07
"jasmonic acid","chlorophyll",5.87014948312246e-16
"jasmonic acid","chromatin",0.271998734424881
"jasmonic acid","kinase",4.85733537180621e-05
"jasmonic acid","cytoskeleton",1.18058346035481e-06
"jasmonic acid","ribosome",2.89309224795e-13
"jasmonic acid","endocytosis",6.75928074166109e-19
"jasmonic acid","ethylene",1.53971171097974e-13
"jasmonic acid","metal ion",0.597815938295851
"jasmonic acid","senescence",1.17877092050209e-05
"jasmonic acid","ubiquitin",0.00138263127782307
"jasmonic acid","vesicle",4.68392868189772e-20
"jasmonic acid","water",1.95395110918722e-06
"jasmonic acid","trichome",0.0175924598921678
"nitrogen","morphogenesis",0.00384438843482943
"nitrogen","auxin",2.45235458351597e-17
"nitrogen","spliceosome",0.15014583225676
"nitrogen","abscisic acid",0.261905566414738
"nitrogen","cold",3.68227706362349e-09
"nitrogen","heat",1.80890637413431e-21
"nitrogen","nitrogen",1.77387113358126e-12
"nitrogen","chlorophyll",8.83429090957493e-29
"nitrogen","chromatin",0.58438570200067
"nitrogen","kinase",6.60328443248096e-05
"nitrogen","cytoskeleton",6.89733117229107e-09
"nitrogen","ribosome",1.8811579471869e-20
"nitrogen","endocytosis",4.17322466493922e-31
"nitrogen","ethylene",6.04955440644996e-26
"nitrogen","metal ion",0.125942467159716
"nitrogen","senescence",2.194949487524e-07
"nitrogen","ubiquitin",0.00126076916306142
"nitrogen","vesicle",5.3871472479543e-32
"nitrogen","water",3.38000225379423e-09
"nitrogen","trichome",0.0147376447551815
"salt stress","morphogenesis",9.53935262442036e-05
"salt stress","auxin",8.11956910320903e-16
"salt stress","spliceosome",0.0286616674483017
"salt stress","abscisic acid",0.5010652410073
"salt stress","cold",2.40691570781198e-05
"salt stress","heat",5.6586192440244e-11
"salt stress","nitrogen",2.72486132962811e-07
"salt stress","chlorophyll",1.12277084133787e-20
"salt stress","chromatin",0.423544259648282
"salt stress","kinase",0.000206300053098113
"salt stress","cytoskeleton",7.09047619253919e-05
"salt stress","ribosome",1.05171498980254e-13
"salt stress","endocytosis",1.4391655745008e-21
"salt stress","ethylene",2.00217059838721e-17
"salt stress","metal ion",0.665813821333161
"salt stress","senescence",5.84203122589854e-06
"salt stress","ubiquitin",0.033856501641448
"salt stress","vesicle",9.297378664469e-21
"salt stress","water",0.000129776452302381
"salt stress","trichome",0.488011760958553
"oxidative stress","morphogenesis",0.00842901946763894
"oxidative stress","auxin",1.73516506964726e-12
"oxidative stress","spliceosome",0.166655579360932
"oxidative stress","abscisic acid",0.0793409613641497
"oxidative stress","cold",0.00080656333194607
"oxidative stress","heat",4.10402507174423e-15
"oxidative stress","nitrogen",2.8267342981933e-06
"oxidative stress","chlorophyll",2.59915724032331e-14
"oxidative stress","chromatin",0.718508441966554
"oxidative stress","kinase",0.00136371315707331
"oxidative stress","cytoskeleton",1.04110050176609e-06
"oxidative stress","ribosome",2.60788402522174e-09
"oxidative stress","endocytosis",1.33474937234175e-22
"oxidative stress","ethylene",1.7350991377223e-14
"oxidative stress","metal ion",0.384535551526543
"oxidative stress","senescence",0.000509139361229893
"oxidative stress","ubiquitin",0.00274108777525909
"oxidative stress","vesicle",3.34264535149545e-24
"oxidative stress","water",3.42554424496904e-06
"oxidative stress","trichome",0.00167921593563018
"salicylic acid","morphogenesis",0.0816813224050377
"salicylic acid","auxin",9.94977723197428e-09
"salicylic acid","spliceosome",0.0693503414991178
"salicylic acid","abscisic acid",0.25946021704801
"salicylic acid","cold",0.00372194000027818
"salicylic acid","heat",1.86205530200794e-10
"salicylic acid","nitrogen",1.03543242533709e-07
"salicylic acid","chlorophyll",4.30846214797093e-14
"salicylic acid","chromatin",0.439558059102529
"salicylic acid","kinase",0.0460274951745016
"salicylic acid","cytoskeleton",0.0103418547895157
"salicylic acid","ribosome",1.48835975435936e-07
"salicylic acid","endocytosis",3.6295747720262e-17
"salicylic acid","ethylene",8.0005373778346e-09
"salicylic acid","metal ion",0.510335549215104
"salicylic acid","senescence",0.000934516884237418
"salicylic acid","ubiquitin",0.00329305177830288
"salicylic acid","vesicle",4.99267577917716e-13
"salicylic acid","water",0.00258067578309093
"salicylic acid","trichome",0.372343848210155
"chlorophyll","morphogenesis",0.0535729183176612
"chlorophyll","auxin",0.000507560279341279
"chlorophyll","spliceosome",0.227757434206271
"chlorophyll","abscisic acid",0.209512682745098
"chlorophyll","cold",0.00587559406139472
"chlorophyll","heat",6.12461899371218e-05
"chlorophyll","nitrogen",0.125942467159716
"chlorophyll","chlorophyll",9.11333209773332e-05
"chlorophyll","chromatin",0.328542080080166
"chlorophyll","kinase",0.0409881034307649
"chlorophyll","cytoskeleton",0.00485056727903182
"chlorophyll","ribosome",9.02495068767011e-06
"chlorophyll","endocytosis",5.37428549477901e-06
"chlorophyll","ethylene",0.00055867217161458
"chlorophyll","metal ion",0.827211075348454
"chlorophyll","senescence",0.116100191451889
"chlorophyll","ubiquitin",0.194452040121476
"chlorophyll","vesicle",2.28407662000291e-06
"chlorophyll","water",0.079369785100869
"chlorophyll","trichome",0.555278811389296
"chromatin","morphogenesis",0.00791208123640008
"chromatin","auxin",2.75445925822228e-08
"chromatin","spliceosome",0.00297198199378892
"chromatin","abscisic acid",0.333402836788067
"chromatin","cold",0.00368427633621053
"chromatin","heat",2.43539680722712e-08
"chromatin","nitrogen",2.39474973818467e-06
"chromatin","chlorophyll",4.06292339425167e-09
"chromatin","chromatin",0.0386445661354309
"chromatin","kinase",0.0042732503752666
"chromatin","cytoskeleton",0.0141298334602084
"chromatin","ribosome",2.23149754452797e-05
"chromatin","endocytosis",9.65837114130079e-13
"chromatin","ethylene",1.6681885151836e-08
"chromatin","metal ion",0.328542080080166
"chromatin","senescence",0.000295748840228078
"chromatin","ubiquitin",0.0329635390361649
"chromatin","vesicle",7.56945573888695e-11
"chromatin","water",0.00169077565384968
"chromatin","trichome",0.00902003923127702
"kinase","morphogenesis",8.32861833933491e-05
"kinase","auxin",5.73901063684344e-32
"kinase","spliceosome",0.0101949991652962
"kinase","abscisic acid",0.358375000774936
"kinase","cold",8.0583684004222e-09
"kinase","heat",1.33117561400881e-31
"kinase","nitrogen",1.59369250559972e-18
"kinase","chlorophyll",2.15336024577477e-38
"kinase","chromatin",0.257020613849348
"kinase","kinase",5.91523746084881e-05
"kinase","cytoskeleton",1.60403497207178e-11
"kinase","ribosome",7.78550631014894e-24
"kinase","endocytosis",2.3189334539336e-49
"kinase","ethylene",2.81531536320484e-38
"kinase","metal ion",0.0153225335326705
"kinase","senescence",1.55726093694528e-11
"kinase","ubiquitin",0.0062374519968907
"kinase","vesicle",2.67007989135259e-50
"kinase","water",1.1441223533702e-12
"kinase","trichome",0.000523608820717869
"cytoskeleton","morphogenesis",0.102062251409587
"cytoskeleton","auxin",7.09047619253922e-05
"cytoskeleton","spliceosome",0.531716211131327
"cytoskeleton","abscisic acid",0.415699935919823
"cytoskeleton","cold",0.0373172168791926
"cytoskeleton","heat",0.000262051570626864
"cytoskeleton","nitrogen",0.000898290957557914
"cytoskeleton","chlorophyll",9.33651734509909e-06
"cytoskeleton","chromatin",0.810448389951248
"cytoskeleton","kinase",0.0965744741844276
"cytoskeleton","cytoskeleton",0.0320278207828791
"cytoskeleton","ribosome",0.0020663704049632
"cytoskeleton","endocytosis",2.28140928444538e-06
"cytoskeleton","ethylene",0.000679753333646516
"cytoskeleton","metal ion",0.600925466780135
"cytoskeleton","senescence",0.00869154682547986
"cytoskeleton","ubiquitin",0.336172820972164
"cytoskeleton","vesicle",1.57839668659957e-06
"cytoskeleton","water",0.0131719132548878
"cytoskeleton","trichome",0.240332294460734
"ribosome","morphogenesis",0.0500455977613478
"ribosome","auxin",2.33203644829844e-05
"ribosome","spliceosome",0.103182718573026
"ribosome","abscisic acid",0.516256151117899
"ribosome","cold",0.00153524696393569
"ribosome","heat",0.00567769105615676
"ribosome","nitrogen",0.000116196471085688
"ribosome","chlorophyll",3.35349619399624e-07
"ribosome","chromatin",0.271069091837367
"ribosome","kinase",0.127252508211983
"ribosome","cytoskeleton",0.00656121213919328
"ribosome","ribosome",6.61518009496378e-06
"ribosome","endocytosis",7.00381247020564e-06
"ribosome","ethylene",6.89012206571147e-09
"ribosome","metal ion",0.316092225463338
"ribosome","senescence",0.0693503414991178
"ribosome","ubiquitin",0.0734184520979639
"ribosome","vesicle",4.3011286076452e-07
"ribosome","water",0.0521305281765338
"ribosome","trichome",0.0109546751010852
"defense","morphogenesis",1.165731667186e-09
"defense","auxin",2.33970199160149e-38
"defense","spliceosome",6.83205979378403e-06
"defense","abscisic acid",0.139010030192968
"defense","cold",2.25923744061744e-14
"defense","heat",1.4510029785836e-48
"defense","nitrogen",2.80500610907375e-24
"defense","chlorophyll",1.7321186535862e-64
"defense","chromatin",0.0448094676762648
"defense","kinase",2.15551494559968e-10
"defense","cytoskeleton",1.9907747595487e-14
"defense","ribosome",6.20772604925646e-42
"defense","endocytosis",1.09469594868327e-71
"defense","ethylene",7.18974624127656e-51
"defense","metal ion",0.00344966922417235
"defense","senescence",8.59140187730442e-13
"defense","ubiquitin",0.00118461128726551
"defense","vesicle",4.07923075965364e-74
"defense","water",2.25045605829212e-19
"defense","trichome",0.000117420066746585
"endoreduplication","morphogenesis",0.170872614718701
"endoreduplication","auxin",0.00131297627280882
"endoreduplication","spliceosome",0.309001655316721
"endoreduplication","abscisic acid",0.284782843468644
"endoreduplication","cold",0.0471630282453212
"endoreduplication","heat",0.0026286302513576
"endoreduplication","nitrogen",0.00620682281777345
"endoreduplication","chlorophyll",0.0014917217167475
"endoreduplication","chromatin",0.520683913160585
"endoreduplication","kinase",0.526445845873786
"endoreduplication","cytoskeleton",0.240332294460735
"endoreduplication","ribosome",0.043991154039109
"endoreduplication","endocytosis",0.00264550104706314
"endoreduplication","ethylene",0.00446801522703556
"endoreduplication","metal ion",0.555278811389296
"endoreduplication","senescence",0.0416760037794095
"endoreduplication","ubiquitin",0.175637136948302
"endoreduplication","vesicle",0.0177439520468044
"endoreduplication","water",0.0893591449475852
"endoreduplication","trichome",0.312013759039429
"DNA methylation","morphogenesis",0.609186918754864
"DNA methylation","auxin",0.121610392990857
"DNA methylation","spliceosome",0.312013759039429
"DNA methylation","abscisic acid",0.422061334738531
"DNA methylation","cold",0.29378869817435
"DNA methylation","heat",0.452577939114092
"DNA methylation","nitrogen",0.127263087438372
"DNA methylation","chlorophyll",0.0305282702127646
"DNA methylation","chromatin",0.441085057443479
"DNA methylation","kinase",0.267894658830693
"DNA methylation","cytoskeleton",0.0395607497544544
"DNA methylation","ribosome",0.0715452444018354
"DNA methylation","endocytosis",0.0154488649754737
"DNA methylation","ethylene",0.143686609500135
"DNA methylation","metal ion",1
"DNA methylation","senescence",0.129633667981277
"DNA methylation","ubiquitin",1
"DNA methylation","vesicle",0.00205371339262754
"DNA methylation","water",0.25436203922816
"DNA methylation","trichome",1
"endocytosis","morphogenesis",0.324769377214165
"endocytosis","auxin",0.00396634791811833
"endocytosis","spliceosome",0.238276714130698
"endocytosis","abscisic acid",0.498790148559726
"endocytosis","cold",0.059435337638258
"endocytosis","heat",0.000124380597883226
"endocytosis","nitrogen",0.00737497637576503
"endocytosis","chlorophyll",4.0396120615865e-05
"endocytosis","chromatin",0.486057762817208
"endocytosis","kinase",0.20846518191665
"endocytosis","cytoskeleton",0.0539984990723898
"endocytosis","ribosome",0.00410867105444934
"endocytosis","endocytosis",0.0107608823457263
"endocytosis","ethylene",0.00108022526491599
"endocytosis","metal ion",1
"endocytosis","senescence",0.309148747261794
"endocytosis","ubiquitin",0.659343567343479
"endocytosis","vesicle",0.000782650849487606
"endocytosis","water",0.0763753817571476
"endocytosis","trichome",0.42935089312652
"endomembrane","morphogenesis",0.207320780867366
"endomembrane","auxin",0.0041213865671075
"endomembrane","spliceosome",1
"endomembrane","abscisic acid",0.605021553601102
"endomembrane","cold",0.0726141723046507
"endomembrane","heat",0.0362812895440325
"endomembrane","nitrogen",0.150570038634139
"endomembrane","chlorophyll",0.000883107239936491
"endomembrane","chromatin",1
"endomembrane","kinase",0.0670763504648648
"endomembrane","cytoskeleton",0.037952072603067
"endomembrane","ribosome",0.00216802056301847
"endomembrane","endocytosis",0.00105193013669061
"endomembrane","ethylene",0.00172952417194504
"endomembrane","metal ion",1
"endomembrane","senescence",0.240975421085303
"endomembrane","ubiquitin",0.0313322073659704
"endomembrane","vesicle",7.38969201828839e-05
"endomembrane","water",0.229943666820403
"endomembrane","trichome",0.392649516370351
"ethylene","morphogenesis",0.00794364308727615
"ethylene","auxin",2.68310038253139e-08
"ethylene","spliceosome",0.151076797274453
"ethylene","abscisic acid",0.514948013123285
"ethylene","cold",0.000494433254086502
"ethylene","heat",3.09230075698281e-09
"ethylene","nitrogen",3.96810068599253e-07
"ethylene","chlorophyll",2.08256672209168e-13
"ethylene","chromatin",0.584206303872303
"ethylene","kinase",0.0105123332743646
"ethylene","cytoskeleton",0.00197154996040617
"ethylene","ribosome",1.69839795857962e-09
"ethylene","endocytosis",2.87915047987407e-15
"ethylene","ethylene",6.5368367536974e-11
"ethylene","metal ion",0.26692958935652
"ethylene","senescence",0.00699068675918226
"ethylene","ubiquitin",0.0211252998290121
"ethylene","vesicle",3.01455650703122e-12
"ethylene","water",0.00451394958392258
"ethylene","trichome",0.141897128387141
"gibberellin","morphogenesis",0.157133797467316
"gibberellin","auxin",0.000531556001187132
"gibberellin","spliceosome",0.288166585823447
"gibberellin","abscisic acid",0.636108403137993
"gibberellin","cold",0.0975001014549565
"gibberellin","heat",0.00113656795521444
"gibberellin","nitrogen",0.0624083673480166
"gibberellin","chlorophyll",1.23036075096057e-05
"gibberellin","chromatin",0.556070111654718
"gibberellin","kinase",0.0734184520979639
"gibberellin","cytoskeleton",0.00533526924343227
"gibberellin","ribosome",0.000442211849956065
"gibberellin","endocytosis",5.49678198129039e-05
"gibberellin","ethylene",0.000182380378799732
"gibberellin","metal ion",0.390962550041809
"gibberellin","senescence",0.0397244272654456
"gibberellin","ubiquitin",0.5910087673577
"gibberellin","vesicle",1.40237744673529e-05
"gibberellin","water",0.0213024651628031
"gibberellin","trichome",0.129633667981277
"leaf vascular","morphogenesis",0.579543582776495
"leaf vascular","auxin",0.028569157338176
"leaf vascular","spliceosome",0.043991154039109
"leaf vascular","abscisic acid",0.447866707595321
"leaf vascular","cold",0.181697643734351
"leaf vascular","heat",0.00152470901593413
"leaf vascular","nitrogen",0.658004999139703
"leaf vascular","chlorophyll",0.0158176569562667
"leaf vascular","chromatin",0.14945229247895
"leaf vascular","kinase",0.313451347987843
"leaf vascular","cytoskeleton",0.0977337213726431
"leaf vascular","ribosome",0.0198786650560512
"leaf vascular","endocytosis",0.0005824550469347
"leaf vascular","ethylene",0.00992909796124588
"leaf vascular","metal ion",1
"leaf vascular","senescence",0.372343848210155
"leaf vascular","ubiquitin",0.441743940219416
"leaf vascular","vesicle",0.00426099577651061
"leaf vascular","water",0.0710689535345336
"leaf vascular","trichome",0.0715452444018354
"lipid","morphogenesis",2.41338122831187e-06
"lipid","auxin",9.26303647417908e-29
"lipid","spliceosome",5.94203747389876e-05
"lipid","abscisic acid",0.022504287746887
"lipid","cold",2.37876233204682e-15
"lipid","heat",4.78731524876351e-26
"lipid","nitrogen",1.08176900933458e-16
"lipid","chlorophyll",1.15688178753045e-42
"lipid","chromatin",0.0962531969983081
"lipid","kinase",1.12548971548143e-06
"lipid","cytoskeleton",7.35143522948655e-09
"lipid","ribosome",3.9866438914539e-32
"lipid","endocytosis",8.17284954906169e-57
"lipid","ethylene",1.0887198161422e-36
"lipid","metal ion",0.0615717814809105
"lipid","senescence",1.20049690631642e-09
"lipid","ubiquitin",6.89167602909095e-05
"lipid","vesicle",8.98662337534646e-53
"lipid","water",7.80604131486952e-11
"lipid","trichome",0.00147926717973757
"lysosome","morphogenesis",0.778119105016985
"lysosome","auxin",0.0362812895440325
"lysosome","spliceosome",0.00722435004565678
"lysosome","abscisic acid",0.512247443592366
"lysosome","cold",0.0683206762386583
"lysosome","heat",0.00787736391335874
"lysosome","nitrogen",0.187839868410676
"lysosome","chlorophyll",0.0176193167315286
"lysosome","chromatin",0.0306881943345159
"lysosome","kinase",0.599873402195918
"lysosome","cytoskeleton",0.129633667981277
"lysosome","ribosome",0.0121487163706555
"lysosome","endocytosis",0.0547152046071449
"lysosome","ethylene",0.0461168470314732
"lysosome","metal ion",1
"lysosome","senescence",0.35415323318524
"lysosome","ubiquitin",0.454453240338754
"lysosome","vesicle",0.00216802056301847
"lysosome","water",0.0755791645995185
"lysosome","trichome",1
"metal ion","morphogenesis",0.778766528855205
"metal ion","auxin",8.18013167442598e-06
"metal ion","spliceosome",0.227757434206271
"metal ion","abscisic acid",0.574310763390881
"metal ion","cold",0.0543637000403566
"metal ion","heat",1.56643742629773e-05
"metal ion","nitrogen",0.267654050551119
"metal ion","chlorophyll",0.00224010250285728
"metal ion","chromatin",0.522709576838601
"metal ion","kinase",0.0409881034307649
"metal ion","cytoskeleton",0.00485056727903182
"metal ion","ribosome",0.000182358746539157
"metal ion","endocytosis",4.0396120615865e-05
"metal ion","ethylene",4.72469228887557e-05
"metal ion","metal ion",0.523842537056241
"metal ion","senescence",0.00883290929981374
"metal ion","ubiquitin",0.421829151620039
"metal ion","vesicle",3.75355933445956e-08
"metal ion","water",0.0324995218549813
"metal ion","trichome",0.194914667944922
"pectin","morphogenesis",0.0990493634691769
"pectin","auxin",2.42830969569615e-05
"pectin","spliceosome",0.514138515418644
"pectin","abscisic acid",0.737307160670411
"pectin","cold",0.0277675865706141
"pectin","heat",0.000183294099109045
"pectin","nitrogen",0.0332717250955075
"pectin","chlorophyll",5.41495548444705e-06
"pectin","chromatin",0.689795331630557
"pectin","kinase",0.0568824480249715
"pectin","cytoskeleton",0.0146202860243226
"pectin","ribosome",8.43055438737184e-07
"pectin","endocytosis",1.59059066295564e-09
"pectin","ethylene",4.12233879407271e-08
"pectin","metal ion",0.13723575239896
"pectin","senescence",0.100888422630774
"pectin","ubiquitin",0.36847615768901
"pectin","vesicle",3.93762462230222e-09
"pectin","water",0.0194845938789719
"pectin","trichome",0.35415323318524
"phloem","morphogenesis",0.0627339547589345
"phloem","auxin",8.72233199223819e-09
"phloem","spliceosome",0.167382741109723
"phloem","abscisic acid",0.700655778486766
"phloem","cold",0.00192281836874504
"phloem","heat",2.30153154464531e-05
"phloem","nitrogen",0.000224888424759803
"phloem","chlorophyll",1.1432141294359e-08
"phloem","chromatin",0.268431844861447
"phloem","kinase",0.00860175178632651
"phloem","cytoskeleton",0.0145772921155625
"phloem","ribosome",1.70453656101561e-07
"phloem","endocytosis",3.89359076773542e-11
"phloem","ethylene",1.96906924066798e-09
"phloem","metal ion",0.226757795702136
"phloem","senescence",1.23691164466404e-05
"phloem","ubiquitin",0.530197374146437
"phloem","vesicle",6.49096903672266e-09
"phloem","water",0.00364159650920821
"phloem","trichome",0.0651308783875962
"photoperiodism","morphogenesis",0.4717194345835
"photoperiodism","auxin",2.55282693221666e-05
"photoperiodism","spliceosome",0.0503589982187083
"photoperiodism","abscisic acid",0.166540796763223
"photoperiodism","cold",0.0829539567077511
"photoperiodism","heat",3.60844746461664e-05
"photoperiodism","nitrogen",0.0104133824079008
"photoperiodism","chlorophyll",2.9209284877781e-05
"photoperiodism","chromatin",0.226259752314125
"photoperiodism","kinase",0.0211457283769209
"photoperiodism","cytoskeleton",0.000442211849956064
"photoperiodism","ribosome",0.00125645345644153
"photoperiodism","endocytosis",9.63610490406111e-06
"photoperiodism","ethylene",3.01062164991535e-05
"photoperiodism","metal ion",0.563607923770242
"photoperiodism","senescence",0.0141298334602084
"photoperiodism","ubiquitin",0.0608770843793774
"photoperiodism","vesicle",8.27921249665048e-09
"photoperiodism","water",0.00546804282365456
"photoperiodism","trichome",0.217519518867886
"photosynthesis","morphogenesis",0.181312104122528
"photosynthesis","auxin",0.00327405254431451
"photosynthesis","spliceosome",0.0773255243336076
"photosynthesis","abscisic acid",0.451963916337899
"photosynthesis","cold",0.0157081332816646
"photosynthesis","heat",0.0119611722311403
"photosynthesis","nitrogen",0.0447829189051078
"photosynthesis","chlorophyll",7.96312029359304e-06
"photosynthesis","chromatin",0.272763896243481
"photosynthesis","kinase",0.116032390317916
"photosynthesis","cytoskeleton",0.0031608618431609
"photosynthesis","ribosome",9.19552408830892e-05
"photosynthesis","endocytosis",2.84170940976993e-06
"photosynthesis","ethylene",0.00026663119204759
"photosynthesis","metal ion",0.802225843135728
"photosynthesis","senescence",0.514138515418644
"photosynthesis","ubiquitin",0.472391329242309
"photosynthesis","vesicle",9.95066879765911e-06
"photosynthesis","water",0.040049657407735
"photosynthesis","trichome",0.526676348828887
"pigment","morphogenesis",0.236135318995616
"pigment","auxin",0.00375964500872809
"pigment","spliceosome",0.557648409113658
"pigment","abscisic acid",0.0571161313361467
"pigment","cold",0.0488423060711413
"pigment","heat",7.41719034622826e-05
"pigment","nitrogen",0.000923568497546011
"pigment","chlorophyll",1.23036075096057e-05
"pigment","chromatin",0.786814539749301
"pigment","kinase",0.170974863895808
"pigment","cytoskeleton",0.205914115073575
"pigment","ribosome",0.00187796236586595
"pigment","endocytosis",6.3337117694357e-06
"pigment","ethylene",0.000676246699338615
"pigment","metal ion",0.390962550041809
"pigment","senescence",0.0961138094134187
"pigment","ubiquitin",0.0529975354542559
"pigment","vesicle",3.53451890637939e-06
"pigment","water",0.00628674722123592
"pigment","trichome",1
"senescence","morphogenesis",0.00638620914392445
"senescence","auxin",1.07086261907748e-06
"senescence","spliceosome",0.115178497853376
"senescence","abscisic acid",0.247560839608296
"senescence","cold",0.000163443253945915
"senescence","heat",9.25054715262373e-06
"senescence","nitrogen",8.04093281511419e-06
"senescence","chlorophyll",2.04781702954936e-12
"senescence","chromatin",0.376579634098198
"senescence","kinase",0.0210138609974517
"senescence","cytoskeleton",0.000111019597158169
"senescence","ribosome",3.06905383535508e-08
"senescence","endocytosis",3.44433753461731e-12
"senescence","ethylene",2.30564430272713e-08
"senescence","metal ion",0.381224481145817
"senescence","senescence",0.00362795982986922
"senescence","ubiquitin",0.041538030143848
"senescence","vesicle",4.34886661457512e-12
"senescence","water",0.0141983064087062
"senescence","trichome",0.0123117420270302
"ubiquitin","morphogenesis",0.000186362524708146
"ubiquitin","auxin",2.28256145484278e-13
"ubiquitin","spliceosome",0.00283545459949051
"ubiquitin","abscisic acid",0.0726600826981605
"ubiquitin","cold",5.86587728204398e-05
"ubiquitin","heat",1.4172509220554e-09
"ubiquitin","nitrogen",1.06052526187567e-08
"ubiquitin","chlorophyll",1.308158329971e-18
"ubiquitin","chromatin",0.116119804177099
"ubiquitin","kinase",4.495963746698e-05
"ubiquitin","cytoskeleton",1.48750255622312e-09
"ubiquitin","ribosome",4.34886661457512e-12
"ubiquitin","endocytosis",3.7102514097853e-30
"ubiquitin","ethylene",2.39739982476069e-18
"ubiquitin","metal ion",0.119484451740149
"ubiquitin","senescence",2.7230472888978e-05
"ubiquitin","ubiquitin",0.0954821315371177
"ubiquitin","vesicle",9.37512811546851e-29
"ubiquitin","water",4.08981909442971e-07
"ubiquitin","trichome",0.00520941253436025
"secretion","morphogenesis",0.642446368931145
"secretion","auxin",0.452577939114092
"secretion","spliceosome",0.170550329608042
"secretion","abscisic acid",0.331686615413563
"secretion","cold",0.417370380763149
"secretion","heat",0.0372175107469594
"secretion","nitrogen",0.247963785233357
"secretion","chlorophyll",0.126328046999698
"secretion","chromatin",0.252393181908336
"secretion","kinase",0.144950678918506
"secretion","cytoskeleton",1
"secretion","ribosome",0.196001915984488
"secretion","endocytosis",0.0892586396016201
"secretion","ethylene",0.282822739136571
"secretion","metal ion",1
"secretion","senescence",1
"secretion","ubiquitin",0.463834499386026
"secretion","vesicle",0.0715452444018354
"secretion","water",0.137799653112681
"secretion","trichome",1
"light","morphogenesis",2.79896467284834e-06
"light","auxin",5.88153110466772e-26
"light","spliceosome",8.42546834068926e-06
"light","abscisic acid",0.179878970455665
"light","cold",1.39342542783026e-11
"light","heat",5.27210014203618e-25
"light","nitrogen",1.14561040490676e-14
"light","chlorophyll",4.77496804720065e-40
"light","chromatin",0.0262954999339081
"light","kinase",3.3957160549908e-08
"light","cytoskeleton",2.81491112949926e-12
"light","ribosome",1.72777925046569e-26
"light","endocytosis",1.25668729709366e-38
"light","ethylene",1.52720881780085e-37
"light","metal ion",0.128201536641702
"light","senescence",2.88173077245428e-07
"light","ubiquitin",0.0268959763198277
"light","vesicle",5.05011911854102e-41
"light","water",6.35642165688007e-10
"light","trichome",0.0202232465239514
"circadian","morphogenesis",0.0961657010448064
"circadian","auxin",0.0119611722311403
"circadian","spliceosome",0.104042336682522
"circadian","abscisic acid",0.106178043336312
"circadian","cold",0.0471630282453212
"circadian","heat",0.0369551679398472
"circadian","nitrogen",0.0325914325822426
"circadian","chlorophyll",0.00947968060883871
"circadian","chromatin",0.254769012939821
"circadian","kinase",0.0569958226940897
"circadian","cytoskeleton",0.0687338736164675
"circadian","ribosome",0.00230657112644007
"circadian","endocytosis",2.68212059494047e-05
"circadian","ethylene",0.00107787518897653
"circadian","metal ion",0.194914667944922
"circadian","senescence",0.120196812614368
"circadian","ubiquitin",0.887401914647031
"circadian","vesicle",1.96607073889085e-05
"circadian","water",0.0122784981155275
"circadian","trichome",0.312013759039429
"cell cycle","morphogenesis",0.231365013633173
"cell cycle","auxin",5.74129822742613e-10
"cell cycle","spliceosome",0.0497499946639085
"cell cycle","abscisic acid",0.44912612871669
"cell cycle","cold",0.000106986147348663
"cell cycle","heat",2.73386523725948e-09
"cell cycle","nitrogen",2.65725466621446e-06
"cell cycle","chlorophyll",2.99585982994991e-11
"cell cycle","chromatin",0.392396879628154
"cell cycle","kinase",0.0183304418182233
"cell cycle","cytoskeleton",0.000333234855050705
"cell cycle","ribosome",2.55380349932683e-09
"cell cycle","endocytosis",6.94121572591625e-14
"cell cycle","ethylene",5.6899114012203e-13
"cell cycle","metal ion",0.0317063814179588
"cell cycle","senescence",0.00016926558343532
"cell cycle","ubiquitin",0.0937250175714257
"cell cycle","vesicle",8.34409351814315e-15
"cell cycle","water",1.53955104931717e-05
"cell cycle","trichome",0.670589711863266
"vesicle","morphogenesis",0.0467320769285497
"vesicle","auxin",2.11387342085749e-10
"vesicle","spliceosome",0.00698766415065123
"vesicle","abscisic acid",0.291069467550036
"vesicle","cold",0.000180282670989908
"vesicle","heat",1.05171498980254e-13
"vesicle","nitrogen",2.02187865132808e-06
"vesicle","chlorophyll",1.47448062914338e-17
"vesicle","chromatin",0.171674064094311
"vesicle","kinase",0.00587328550444367
"vesicle","cytoskeleton",0.00124144134842568
"vesicle","ribosome",2.43680288102318e-10
"vesicle","endocytosis",3.19089466097996e-15
"vesicle","ethylene",1.10906512472959e-10
"vesicle","metal ion",0.921709118033506
"vesicle","senescence",0.00106006380866282
"vesicle","ubiquitin",0.0265555276895844
"vesicle","vesicle",3.70462000988512e-14
"vesicle","water",4.74396299543247e-05
"vesicle","trichome",0.486057762817208
"water","morphogenesis",9.39552775687208e-07
"water","auxin",3.03739524031415e-26
"water","spliceosome",0.000124074028339092
"water","abscisic acid",0.00640342898649223
"water","cold",1.19108565760289e-09
"water","heat",6.06760078021707e-31
"water","nitrogen",2.17864733103085e-19
"water","chlorophyll",1.89324306908513e-38
"water","chromatin",0.101013085756894
"water","kinase",1.4990330633001e-06
"water","cytoskeleton",4.46050730963711e-10
"water","ribosome",2.26438897896448e-22
"water","endocytosis",7.54006452950624e-45
"water","ethylene",7.48972269573487e-39
"water","metal ion",0.00662538634113334
"water","senescence",1.31834636425035e-09
"water","ubiquitin",3.99214444086567e-05
"water","vesicle",3.97006864045653e-45
"water","water",2.74958509681543e-13
"water","trichome",0.00244215671878341
"sulfur","morphogenesis",0.363098103123901
"sulfur","auxin",2.45076351703932e-05
"sulfur","spliceosome",0.698234563042436
"sulfur","abscisic acid",0.472382820149263
"sulfur","cold",0.0131287620202413
"sulfur","heat",0.00708072751175026
"sulfur","nitrogen",0.0494328652833315
"sulfur","chlorophyll",0.000477831619225338
"sulfur","chromatin",0.89103823411533
"sulfur","kinase",0.26497754004339
"sulfur","cytoskeleton",0.330293600185133
"sulfur","ribosome",0.000182358746539157
"sulfur","endocytosis",7.05761102803515e-08
"sulfur","ethylene",4.72469228887557e-05
"sulfur","metal ion",0.827211075348454
"sulfur","senescence",0.0229311647585781
"sulfur","ubiquitin",0.0688656818234827
"sulfur","vesicle",8.19894635620364e-06
"sulfur","water",0.079369785100869
"sulfur","trichome",0.0489135998020851
"translation","morphogenesis",0.0297242872244798
"translation","auxin",2.69983931004352e-11
"translation","spliceosome",0.0615190972552025
"translation","abscisic acid",0.0989416190060471
"translation","cold",0.003836243227283
"translation","heat",2.20344019835847e-11
"translation","nitrogen",1.73459467424335e-10
"translation","chlorophyll",4.93880761305752e-15
"translation","chromatin",0.320080584214923
"translation","kinase",0.00986861325175661
"translation","cytoskeleton",3.13272426616916e-07
"translation","ribosome",6.34238927852205e-11
"translation","endocytosis",5.33613474796201e-14
"translation","ethylene",5.0331563674692e-15
"translation","metal ion",0.15827200720558
"translation","senescence",0.00102201611141856
"translation","ubiquitin",0.00679884603372355
"translation","vesicle",4.58669066567642e-18
"translation","water",3.42554424496904e-06
"translation","trichome",0.103007315867665
"trichome","morphogenesis",0.0500687118048286
"trichome","auxin",0.0314335097390457
"trichome","spliceosome",0.104042336682522
"trichome","abscisic acid",0.284782843468644
"trichome","cold",0.0471630282453212
"trichome","heat",0.109927868401635
"trichome","nitrogen",0.0325914325822426
"trichome","chlorophyll",0.00947968060883871
"trichome","chromatin",0.254769012939821
"trichome","kinase",0.26538363616255
"trichome","cytoskeleton",0.0152557376373867
"trichome","ribosome",0.0109546751010852
"trichome","endocytosis",0.00264550104706314
"trichome","ethylene",0.0163667300911233
"trichome","metal ion",1
"trichome","senescence",0.557648409113658
"trichome","ubiquitin",0.175637136948302
"trichome","vesicle",0.000395774008143679
"trichome","water",0.0893591449475852
"trichome","trichome",0.0547152046071449
